[
  [
    {
      "id": "P-7pw5-WP00-B000",
      "workPackage": "P-7pw5-WP00",
      "isEstimate": true,
      "estimateAccuracy": 4,
      "submittedBy": "a712bf75-7362-4279-8ec2-bdb6add6fb2a",
      "isSupply": true,
      "isInstall": false,
      "supplyPriceSIMPLIFIED": 112268,
      "installPriceSIMPLIFIED": null,
      "daysForFabrication": 4,
      "daysForDelivery": 4,
      "daysForInstall": null,
      "availableDatesDEBUGONLY": [
        "2024-01-01T07:00:00.000Z",
        "2024-01-17T07:00:00.000Z"
      ],
      "availStartDEBUGONLY": "2024-01-01T07:00:00.000Z",
      "availEndDEBUGONLY": "2024-01-17T07:00:00.000Z",
      "sumIDDEBUGONLY": 1,
      "projectIDDEBUGONLY": "P-7pw5"
    },
    {
      "id": "P-7pw5-WP00-B001",
      "workPackage": "P-7pw5-WP00",
      "isEstimate": true,
      "estimateAccuracy": 1,
      "submittedBy": "e0c0bca9-1502-4fd7-8c91-c098703828bd",
      "isSupply": false,
      "isInstall": true,
      "supplyPriceSIMPLIFIED": null,
      "installPriceSIMPLIFIED": 105961,
      "daysForFabrication": null,
      "daysForDelivery": null,
      "daysForInstall": 12,
      "availableDatesDEBUGONLY": [
        "2024-01-08T07:00:00.000Z",
        "2024-01-31T07:00:00.000Z"
      ],
      "availStartDEBUGONLY": "2024-01-08T07:00:00.000Z",
      "availEndDEBUGONLY": "2024-01-31T07:00:00.000Z",
      "sumIDDEBUGONLY": 2,
      "projectIDDEBUGONLY": "P-7pw5"
    },
    {
      "id": "P-7pw5-WP00-B002",
      "workPackage": "P-7pw5-WP00",
      "isEstimate": false,
      "estimateAccuracy": 3,
      "submittedBy": "f69b239f-020f-4f2c-bec9-384e7a28d6e7",
      "isSupply": false,
      "isInstall": true,
      "supplyPriceSIMPLIFIED": null,
      "installPriceSIMPLIFIED": 75635,
      "daysForFabrication": null,
      "daysForDelivery": null,
      "daysForInstall": 11,
      "availableDatesDEBUGONLY": [
        "2024-01-09T07:00:00.000Z",
        "2024-01-28T07:00:00.000Z"
      ],
      "availStartDEBUGONLY": "2024-01-09T07:00:00.000Z",
      "availEndDEBUGONLY": "2024-01-28T07:00:00.000Z",
      "sumIDDEBUGONLY": 3,
      "projectIDDEBUGONLY": "P-7pw5"
    },
    {
      "id": "P-7pw5-WP00-B003",
      "workPackage": "P-7pw5-WP00",
      "isEstimate": false,
      "estimateAccuracy": 1,
      "submittedBy": "d1abb0b4-b909-4a5b-b145-a93e46061eef",
      "isSupply": true,
      "isInstall": false,
      "supplyPriceSIMPLIFIED": 64867,
      "installPriceSIMPLIFIED": null,
      "daysForFabrication": 5,
      "daysForDelivery": 7,
      "daysForInstall": null,
      "availableDatesDEBUGONLY": [
        "2023-12-29T07:00:00.000Z",
        "2024-01-18T07:00:00.000Z"
      ],
      "availStartDEBUGONLY": "2023-12-29T07:00:00.000Z",
      "availEndDEBUGONLY": "2024-01-18T07:00:00.000Z",
      "sumIDDEBUGONLY": 4,
      "projectIDDEBUGONLY": "P-7pw5"
    },
    {
      "id": "P-7pw5-WP00-B004",
      "workPackage": "P-7pw5-WP00",
      "isEstimate": false,
      "estimateAccuracy": 1,
      "submittedBy": "1d95ee02-aba4-404b-b6cc-571df4242dec",
      "isSupply": false,
      "isInstall": true,
      "supplyPriceSIMPLIFIED": null,
      "installPriceSIMPLIFIED": 56090,
      "daysForFabrication": null,
      "daysForDelivery": null,
      "daysForInstall": 10,
      "availableDatesDEBUGONLY": [
        "2024-01-11T07:00:00.000Z",
        "2024-01-29T07:00:00.000Z"
      ],
      "availStartDEBUGONLY": "2024-01-11T07:00:00.000Z",
      "availEndDEBUGONLY": "2024-01-29T07:00:00.000Z",
      "sumIDDEBUGONLY": 5,
      "projectIDDEBUGONLY": "P-7pw5"
    },
    {
      "id": "P-7pw5-WP00-B005",
      "workPackage": "P-7pw5-WP00",
      "isEstimate": true,
      "estimateAccuracy": 4,
      "submittedBy": "6df23f3c-f258-4569-b4ae-8f44f5bab256",
      "isSupply": false,
      "isInstall": true,
      "supplyPriceSIMPLIFIED": null,
      "installPriceSIMPLIFIED": 114601,
      "daysForFabrication": null,
      "daysForDelivery": null,
      "daysForInstall": 11,
      "availableDatesDEBUGONLY": [
        "2024-01-10T07:00:00.000Z",
        "2024-01-30T07:00:00.000Z"
      ],
      "availStartDEBUGONLY": "2024-01-10T07:00:00.000Z",
      "availEndDEBUGONLY": "2024-01-30T07:00:00.000Z",
      "sumIDDEBUGONLY": 6,
      "projectIDDEBUGONLY": "P-7pw5"
    },
    {
      "id": "P-7pw5-WP00-B006",
      "workPackage": "P-7pw5-WP00",
      "isEstimate": true,
      "estimateAccuracy": 2,
      "submittedBy": "3ca38033-a706-4fd6-bec1-785e23548ceb",
      "isSupply": true,
      "isInstall": false,
      "supplyPriceSIMPLIFIED": 140419,
      "installPriceSIMPLIFIED": null,
      "daysForFabrication": 6,
      "daysForDelivery": 7,
      "daysForInstall": null,
      "availableDatesDEBUGONLY": [
        "2023-12-27T07:00:00.000Z",
        "2024-01-17T07:00:00.000Z"
      ],
      "availStartDEBUGONLY": "2023-12-27T07:00:00.000Z",
      "availEndDEBUGONLY": "2024-01-17T07:00:00.000Z",
      "sumIDDEBUGONLY": 7,
      "projectIDDEBUGONLY": "P-7pw5"
    },
    {
      "id": "P-7pw5-WP00-B007",
      "workPackage": "P-7pw5-WP00",
      "isEstimate": true,
      "estimateAccuracy": 4,
      "submittedBy": "a458953b-0a5a-4c82-b71b-25a49b529cca",
      "isSupply": true,
      "isInstall": false,
      "supplyPriceSIMPLIFIED": 39422,
      "installPriceSIMPLIFIED": null,
      "daysForFabrication": 9,
      "daysForDelivery": 5,
      "daysForInstall": null,
      "availableDatesDEBUGONLY": [
        "2023-12-24T07:00:00.000Z",
        "2024-01-16T07:00:00.000Z"
      ],
      "availStartDEBUGONLY": "2023-12-24T07:00:00.000Z",
      "availEndDEBUGONLY": "2024-01-16T07:00:00.000Z",
      "sumIDDEBUGONLY": 8,
      "projectIDDEBUGONLY": "P-7pw5"
    },
    {
      "id": "P-7pw5-WP00-B008",
      "workPackage": "P-7pw5-WP00",
      "isEstimate": true,
      "estimateAccuracy": 3,
      "submittedBy": "519b4d4f-c049-4a4a-b68f-9805af15bb8b",
      "isSupply": true,
      "isInstall": true,
      "supplyPriceSIMPLIFIED": 158051,
      "installPriceSIMPLIFIED": 207926,
      "daysForFabrication": 3,
      "daysForDelivery": 5,
      "daysForInstall": 11,
      "availableDatesDEBUGONLY": [
        "2023-12-30T07:00:00.000Z",
        "2024-01-28T07:00:00.000Z"
      ],
      "availStartDEBUGONLY": "2023-12-30T07:00:00.000Z",
      "availEndDEBUGONLY": "2024-01-28T07:00:00.000Z",
      "sumIDDEBUGONLY": 9,
      "projectIDDEBUGONLY": "P-7pw5"
    },
    {
      "id": "P-7pw5-WP00-B009",
      "workPackage": "P-7pw5-WP00",
      "isEstimate": true,
      "estimateAccuracy": 4,
      "submittedBy": "08f71b04-25ee-4642-9aee-d8e983aba30c",
      "isSupply": true,
      "isInstall": false,
      "supplyPriceSIMPLIFIED": 227194,
      "installPriceSIMPLIFIED": null,
      "daysForFabrication": 4,
      "daysForDelivery": 7,
      "daysForInstall": null,
      "availableDatesDEBUGONLY": [
        "2023-12-29T07:00:00.000Z",
        "2024-01-18T07:00:00.000Z"
      ],
      "availStartDEBUGONLY": "2023-12-29T07:00:00.000Z",
      "availEndDEBUGONLY": "2024-01-18T07:00:00.000Z",
      "sumIDDEBUGONLY": 10,
      "projectIDDEBUGONLY": "P-7pw5"
    }
  ],
  [
    {
      "id": "P-7pw5-WP01-B000",
      "workPackage": "P-7pw5-WP01",
      "isEstimate": false,
      "estimateAccuracy": 2,
      "submittedBy": "5a08202b-05a1-452e-bf02-2b64740f3fe0",
      "isSupply": true,
      "isInstall": false,
      "supplyPriceSIMPLIFIED": 189653,
      "installPriceSIMPLIFIED": null,
      "daysForFabrication": 8,
      "daysForDelivery": 5,
      "daysForInstall": null,
      "availableDatesDEBUGONLY": [
        "2023-12-25T07:00:00.000Z",
        "2024-01-16T07:00:00.000Z"
      ],
      "availStartDEBUGONLY": "2023-12-25T07:00:00.000Z",
      "availEndDEBUGONLY": "2024-01-16T07:00:00.000Z",
      "sumIDDEBUGONLY": 11,
      "projectIDDEBUGONLY": "P-7pw5"
    },
    {
      "id": "P-7pw5-WP01-B001",
      "workPackage": "P-7pw5-WP01",
      "isEstimate": false,
      "estimateAccuracy": 4,
      "submittedBy": "4f012d1f-3590-4b19-b474-57d03942ac5d",
      "isSupply": false,
      "isInstall": true,
      "supplyPriceSIMPLIFIED": null,
      "installPriceSIMPLIFIED": 170424,
      "daysForFabrication": null,
      "daysForDelivery": null,
      "daysForInstall": 8,
      "availableDatesDEBUGONLY": [
        "2024-01-08T07:00:00.000Z",
        "2024-01-25T07:00:00.000Z"
      ],
      "availStartDEBUGONLY": "2024-01-08T07:00:00.000Z",
      "availEndDEBUGONLY": "2024-01-25T07:00:00.000Z",
      "sumIDDEBUGONLY": 12,
      "projectIDDEBUGONLY": "P-7pw5"
    },
    {
      "id": "P-7pw5-WP01-B002",
      "workPackage": "P-7pw5-WP01",
      "isEstimate": true,
      "estimateAccuracy": 3,
      "submittedBy": "53bffea5-f253-4633-b5fa-7e6b73f9fd00",
      "isSupply": false,
      "isInstall": true,
      "supplyPriceSIMPLIFIED": null,
      "installPriceSIMPLIFIED": 152602,
      "daysForFabrication": null,
      "daysForDelivery": null,
      "daysForInstall": 11,
      "availableDatesDEBUGONLY": [
        "2024-01-09T07:00:00.000Z",
        "2024-01-29T07:00:00.000Z"
      ],
      "availStartDEBUGONLY": "2024-01-09T07:00:00.000Z",
      "availEndDEBUGONLY": "2024-01-29T07:00:00.000Z",
      "sumIDDEBUGONLY": 13,
      "projectIDDEBUGONLY": "P-7pw5"
    },
    {
      "id": "P-7pw5-WP01-B003",
      "workPackage": "P-7pw5-WP01",
      "isEstimate": true,
      "estimateAccuracy": 2,
      "submittedBy": "7aa61d9d-4e63-4b5a-aa2d-f7aa82417fcf",
      "isSupply": true,
      "isInstall": true,
      "supplyPriceSIMPLIFIED": 102064,
      "installPriceSIMPLIFIED": 221004,
      "daysForFabrication": 4,
      "daysForDelivery": 4,
      "daysForInstall": 14,
      "availableDatesDEBUGONLY": [
        "2024-01-01T07:00:00.000Z",
        "2024-02-01T07:00:00.000Z"
      ],
      "availStartDEBUGONLY": "2024-01-01T07:00:00.000Z",
      "availEndDEBUGONLY": "2024-02-01T07:00:00.000Z",
      "sumIDDEBUGONLY": 14,
      "projectIDDEBUGONLY": "P-7pw5"
    },
    {
      "id": "P-7pw5-WP01-B004",
      "workPackage": "P-7pw5-WP01",
      "isEstimate": false,
      "estimateAccuracy": 4,
      "submittedBy": "2f61eba3-ab96-4a92-a4fa-fda4310291a1",
      "isSupply": true,
      "isInstall": true,
      "supplyPriceSIMPLIFIED": 90584,
      "installPriceSIMPLIFIED": 132613,
      "daysForFabrication": 7,
      "daysForDelivery": 6,
      "daysForInstall": 14,
      "availableDatesDEBUGONLY": [
        "2023-12-27T07:00:00.000Z",
        "2024-01-31T07:00:00.000Z"
      ],
      "availStartDEBUGONLY": "2023-12-27T07:00:00.000Z",
      "availEndDEBUGONLY": "2024-01-31T07:00:00.000Z",
      "sumIDDEBUGONLY": 15,
      "projectIDDEBUGONLY": "P-7pw5"
    },
    {
      "id": "P-7pw5-WP01-B005",
      "workPackage": "P-7pw5-WP01",
      "isEstimate": false,
      "estimateAccuracy": 3,
      "submittedBy": "62ed94e6-fd1b-49b6-8585-1aef67aa4139",
      "isSupply": false,
      "isInstall": true,
      "supplyPriceSIMPLIFIED": null,
      "installPriceSIMPLIFIED": 214953,
      "daysForFabrication": null,
      "daysForDelivery": null,
      "daysForInstall": 12,
      "availableDatesDEBUGONLY": [
        "2024-01-11T07:00:00.000Z",
        "2024-01-30T07:00:00.000Z"
      ],
      "availStartDEBUGONLY": "2024-01-11T07:00:00.000Z",
      "availEndDEBUGONLY": "2024-01-30T07:00:00.000Z",
      "sumIDDEBUGONLY": 16,
      "projectIDDEBUGONLY": "P-7pw5"
    },
    {
      "id": "P-7pw5-WP01-B006",
      "workPackage": "P-7pw5-WP01",
      "isEstimate": false,
      "estimateAccuracy": 1,
      "submittedBy": "c7c9368f-ac11-4167-8516-535344ea1784",
      "isSupply": true,
      "isInstall": false,
      "supplyPriceSIMPLIFIED": 83064,
      "installPriceSIMPLIFIED": null,
      "daysForFabrication": 7,
      "daysForDelivery": 2,
      "daysForInstall": null,
      "availableDatesDEBUGONLY": [
        "2023-12-30T07:00:00.000Z",
        "2024-01-19T07:00:00.000Z"
      ],
      "availStartDEBUGONLY": "2023-12-30T07:00:00.000Z",
      "availEndDEBUGONLY": "2024-01-19T07:00:00.000Z",
      "sumIDDEBUGONLY": 17,
      "projectIDDEBUGONLY": "P-7pw5"
    },
    {
      "id": "P-7pw5-WP01-B007",
      "workPackage": "P-7pw5-WP01",
      "isEstimate": false,
      "estimateAccuracy": 3,
      "submittedBy": "20ef5b30-ef0c-4fb6-8bb8-5957ffa11e33",
      "isSupply": false,
      "isInstall": true,
      "supplyPriceSIMPLIFIED": null,
      "installPriceSIMPLIFIED": 60983,
      "daysForFabrication": null,
      "daysForDelivery": null,
      "daysForInstall": 9,
      "availableDatesDEBUGONLY": [
        "2024-01-09T07:00:00.000Z",
        "2024-01-28T07:00:00.000Z"
      ],
      "availStartDEBUGONLY": "2024-01-09T07:00:00.000Z",
      "availEndDEBUGONLY": "2024-01-28T07:00:00.000Z",
      "sumIDDEBUGONLY": 18,
      "projectIDDEBUGONLY": "P-7pw5"
    },
    {
      "id": "P-7pw5-WP01-B008",
      "workPackage": "P-7pw5-WP01",
      "isEstimate": true,
      "estimateAccuracy": 2,
      "submittedBy": "9e2c8e83-ee1c-44ad-9cf6-dc9e9647567a",
      "isSupply": false,
      "isInstall": true,
      "supplyPriceSIMPLIFIED": null,
      "installPriceSIMPLIFIED": 156205,
      "daysForFabrication": null,
      "daysForDelivery": null,
      "daysForInstall": 8,
      "availableDatesDEBUGONLY": [
        "2024-01-11T07:00:00.000Z",
        "2024-01-27T07:00:00.000Z"
      ],
      "availStartDEBUGONLY": "2024-01-11T07:00:00.000Z",
      "availEndDEBUGONLY": "2024-01-27T07:00:00.000Z",
      "sumIDDEBUGONLY": 19,
      "projectIDDEBUGONLY": "P-7pw5"
    },
    {
      "id": "P-7pw5-WP01-B009",
      "workPackage": "P-7pw5-WP01",
      "isEstimate": false,
      "estimateAccuracy": 4,
      "submittedBy": "7fc98f8c-b9da-4455-ad26-0152509d6d1e",
      "isSupply": false,
      "isInstall": true,
      "supplyPriceSIMPLIFIED": null,
      "installPriceSIMPLIFIED": 203077,
      "daysForFabrication": null,
      "daysForDelivery": null,
      "daysForInstall": 5,
      "availableDatesDEBUGONLY": [
        "2024-01-09T07:00:00.000Z",
        "2024-01-23T07:00:00.000Z"
      ],
      "availStartDEBUGONLY": "2024-01-09T07:00:00.000Z",
      "availEndDEBUGONLY": "2024-01-23T07:00:00.000Z",
      "sumIDDEBUGONLY": 20,
      "projectIDDEBUGONLY": "P-7pw5"
    }
  ],
  [
    {
      "id": "P-7pw5-WP02-B000",
      "workPackage": "P-7pw5-WP02",
      "isEstimate": false,
      "estimateAccuracy": 3,
      "submittedBy": "79997b73-edf5-40be-862b-cac21893e34b",
      "isSupply": true,
      "isInstall": false,
      "supplyPriceSIMPLIFIED": 50627,
      "installPriceSIMPLIFIED": null,
      "daysForFabrication": 7,
      "daysForDelivery": 5,
      "daysForInstall": null,
      "availableDatesDEBUGONLY": [
        "2024-01-07T07:00:00.000Z",
        "2024-01-27T07:00:00.000Z"
      ],
      "availStartDEBUGONLY": "2024-01-07T07:00:00.000Z",
      "availEndDEBUGONLY": "2024-01-27T07:00:00.000Z",
      "sumIDDEBUGONLY": 21,
      "projectIDDEBUGONLY": "P-7pw5"
    },
    {
      "id": "P-7pw5-WP02-B001",
      "workPackage": "P-7pw5-WP02",
      "isEstimate": true,
      "estimateAccuracy": 1,
      "submittedBy": "0ef4c0f2-0d8e-4302-99da-08bc5566e71a",
      "isSupply": false,
      "isInstall": true,
      "supplyPriceSIMPLIFIED": null,
      "installPriceSIMPLIFIED": 185349,
      "daysForFabrication": null,
      "daysForDelivery": null,
      "daysForInstall": 12,
      "availableDatesDEBUGONLY": [
        "2024-01-18T07:00:00.000Z",
        "2024-02-09T07:00:00.000Z"
      ],
      "availStartDEBUGONLY": "2024-01-18T07:00:00.000Z",
      "availEndDEBUGONLY": "2024-02-09T07:00:00.000Z",
      "sumIDDEBUGONLY": 22,
      "projectIDDEBUGONLY": "P-7pw5"
    },
    {
      "id": "P-7pw5-WP02-B002",
      "workPackage": "P-7pw5-WP02",
      "isEstimate": true,
      "estimateAccuracy": 4,
      "submittedBy": "6bffb4e8-9f64-47fc-8ce5-7943845861af",
      "isSupply": true,
      "isInstall": false,
      "supplyPriceSIMPLIFIED": 165115,
      "installPriceSIMPLIFIED": null,
      "daysForFabrication": 7,
      "daysForDelivery": 6,
      "daysForInstall": null,
      "availableDatesDEBUGONLY": [
        "2024-01-05T07:00:00.000Z",
        "2024-01-28T07:00:00.000Z"
      ],
      "availStartDEBUGONLY": "2024-01-05T07:00:00.000Z",
      "availEndDEBUGONLY": "2024-01-28T07:00:00.000Z",
      "sumIDDEBUGONLY": 23,
      "projectIDDEBUGONLY": "P-7pw5"
    },
    {
      "id": "P-7pw5-WP02-B003",
      "workPackage": "P-7pw5-WP02",
      "isEstimate": true,
      "estimateAccuracy": 1,
      "submittedBy": "64cbdd7d-9482-44d8-8123-1518c15ce210",
      "isSupply": false,
      "isInstall": true,
      "supplyPriceSIMPLIFIED": null,
      "installPriceSIMPLIFIED": 103541,
      "daysForFabrication": null,
      "daysForDelivery": null,
      "daysForInstall": 4,
      "availableDatesDEBUGONLY": [
        "2024-01-20T07:00:00.000Z",
        "2024-01-31T07:00:00.000Z"
      ],
      "availStartDEBUGONLY": "2024-01-20T07:00:00.000Z",
      "availEndDEBUGONLY": "2024-01-31T07:00:00.000Z",
      "sumIDDEBUGONLY": 24,
      "projectIDDEBUGONLY": "P-7pw5"
    },
    {
      "id": "P-7pw5-WP02-B004",
      "workPackage": "P-7pw5-WP02",
      "isEstimate": true,
      "estimateAccuracy": 1,
      "submittedBy": "a9efccda-968a-4308-9189-dbff7e8af3bb",
      "isSupply": false,
      "isInstall": true,
      "supplyPriceSIMPLIFIED": null,
      "installPriceSIMPLIFIED": 244812,
      "daysForFabrication": null,
      "daysForDelivery": null,
      "daysForInstall": 5,
      "availableDatesDEBUGONLY": [
        "2024-01-20T07:00:00.000Z",
        "2024-02-01T07:00:00.000Z"
      ],
      "availStartDEBUGONLY": "2024-01-20T07:00:00.000Z",
      "availEndDEBUGONLY": "2024-02-01T07:00:00.000Z",
      "sumIDDEBUGONLY": 25,
      "projectIDDEBUGONLY": "P-7pw5"
    },
    {
      "id": "P-7pw5-WP02-B005",
      "workPackage": "P-7pw5-WP02",
      "isEstimate": true,
      "estimateAccuracy": 1,
      "submittedBy": "37dbda4d-2ea8-4d16-972f-049700406e52",
      "isSupply": true,
      "isInstall": false,
      "supplyPriceSIMPLIFIED": 100962,
      "installPriceSIMPLIFIED": null,
      "daysForFabrication": 2,
      "daysForDelivery": 5,
      "daysForInstall": null,
      "availableDatesDEBUGONLY": [
        "2024-01-10T07:00:00.000Z",
        "2024-01-26T07:00:00.000Z"
      ],
      "availStartDEBUGONLY": "2024-01-10T07:00:00.000Z",
      "availEndDEBUGONLY": "2024-01-26T07:00:00.000Z",
      "sumIDDEBUGONLY": 26,
      "projectIDDEBUGONLY": "P-7pw5"
    },
    {
      "id": "P-7pw5-WP02-B006",
      "workPackage": "P-7pw5-WP02",
      "isEstimate": false,
      "estimateAccuracy": 1,
      "submittedBy": "2f010aa7-c420-4ed3-b60d-a0a9be706da1",
      "isSupply": true,
      "isInstall": false,
      "supplyPriceSIMPLIFIED": 101378,
      "installPriceSIMPLIFIED": null,
      "daysForFabrication": 4,
      "daysForDelivery": 4,
      "daysForInstall": null,
      "availableDatesDEBUGONLY": [
        "2024-01-09T07:00:00.000Z",
        "2024-01-26T07:00:00.000Z"
      ],
      "availStartDEBUGONLY": "2024-01-09T07:00:00.000Z",
      "availEndDEBUGONLY": "2024-01-26T07:00:00.000Z",
      "sumIDDEBUGONLY": 27,
      "projectIDDEBUGONLY": "P-7pw5"
    },
    {
      "id": "P-7pw5-WP02-B007",
      "workPackage": "P-7pw5-WP02",
      "isEstimate": false,
      "estimateAccuracy": 2,
      "submittedBy": "e4144843-dadb-46a0-90cd-f5330eab4333",
      "isSupply": true,
      "isInstall": false,
      "supplyPriceSIMPLIFIED": 100513,
      "installPriceSIMPLIFIED": null,
      "daysForFabrication": 8,
      "daysForDelivery": 7,
      "daysForInstall": null,
      "availableDatesDEBUGONLY": [
        "2024-01-02T07:00:00.000Z",
        "2024-01-25T07:00:00.000Z"
      ],
      "availStartDEBUGONLY": "2024-01-02T07:00:00.000Z",
      "availEndDEBUGONLY": "2024-01-25T07:00:00.000Z",
      "sumIDDEBUGONLY": 28,
      "projectIDDEBUGONLY": "P-7pw5"
    },
    {
      "id": "P-7pw5-WP02-B008",
      "workPackage": "P-7pw5-WP02",
      "isEstimate": true,
      "estimateAccuracy": 2,
      "submittedBy": "7b267c52-cbf3-46d0-93c8-5440a742493d",
      "isSupply": true,
      "isInstall": false,
      "supplyPriceSIMPLIFIED": 245557,
      "installPriceSIMPLIFIED": null,
      "daysForFabrication": 5,
      "daysForDelivery": 3,
      "daysForInstall": null,
      "availableDatesDEBUGONLY": [
        "2024-01-10T07:00:00.000Z",
        "2024-01-28T07:00:00.000Z"
      ],
      "availStartDEBUGONLY": "2024-01-10T07:00:00.000Z",
      "availEndDEBUGONLY": "2024-01-28T07:00:00.000Z",
      "sumIDDEBUGONLY": 29,
      "projectIDDEBUGONLY": "P-7pw5"
    },
    {
      "id": "P-7pw5-WP02-B009",
      "workPackage": "P-7pw5-WP02",
      "isEstimate": false,
      "estimateAccuracy": 4,
      "submittedBy": "f5360bf7-5ad5-480d-b634-f1af938056c8",
      "isSupply": false,
      "isInstall": true,
      "supplyPriceSIMPLIFIED": null,
      "installPriceSIMPLIFIED": 240810,
      "daysForFabrication": null,
      "daysForDelivery": null,
      "daysForInstall": 12,
      "availableDatesDEBUGONLY": [
        "2024-01-18T07:00:00.000Z",
        "2024-02-09T07:00:00.000Z"
      ],
      "availStartDEBUGONLY": "2024-01-18T07:00:00.000Z",
      "availEndDEBUGONLY": "2024-02-09T07:00:00.000Z",
      "sumIDDEBUGONLY": 30,
      "projectIDDEBUGONLY": "P-7pw5"
    }
  ],
  [
    {
      "id": "P-7pw5-WP03-B000",
      "workPackage": "P-7pw5-WP03",
      "isEstimate": false,
      "estimateAccuracy": 4,
      "submittedBy": "cb14d53c-810a-47b0-9394-028c6d1ea97a",
      "isSupply": true,
      "isInstall": false,
      "supplyPriceSIMPLIFIED": 212041,
      "installPriceSIMPLIFIED": null,
      "daysForFabrication": 5,
      "daysForDelivery": 2,
      "daysForInstall": null,
      "availableDatesDEBUGONLY": [
        "2024-01-18T07:00:00.000Z",
        "2024-02-02T07:00:00.000Z"
      ],
      "availStartDEBUGONLY": "2024-01-18T07:00:00.000Z",
      "availEndDEBUGONLY": "2024-02-02T07:00:00.000Z",
      "sumIDDEBUGONLY": 31,
      "projectIDDEBUGONLY": "P-7pw5"
    },
    {
      "id": "P-7pw5-WP03-B001",
      "workPackage": "P-7pw5-WP03",
      "isEstimate": false,
      "estimateAccuracy": 1,
      "submittedBy": "c66acc8f-1b1d-4e23-a225-e65ab6521f54",
      "isSupply": false,
      "isInstall": true,
      "supplyPriceSIMPLIFIED": null,
      "installPriceSIMPLIFIED": 60947,
      "daysForFabrication": null,
      "daysForDelivery": null,
      "daysForInstall": 12,
      "availableDatesDEBUGONLY": [
        "2024-01-25T07:00:00.000Z",
        "2024-02-16T07:00:00.000Z"
      ],
      "availStartDEBUGONLY": "2024-01-25T07:00:00.000Z",
      "availEndDEBUGONLY": "2024-02-16T07:00:00.000Z",
      "sumIDDEBUGONLY": 32,
      "projectIDDEBUGONLY": "P-7pw5"
    },
    {
      "id": "P-7pw5-WP03-B002",
      "workPackage": "P-7pw5-WP03",
      "isEstimate": false,
      "estimateAccuracy": 1,
      "submittedBy": "5511b757-50ba-49c2-b07c-c6b540d58e3f",
      "isSupply": true,
      "isInstall": false,
      "supplyPriceSIMPLIFIED": 146881,
      "installPriceSIMPLIFIED": null,
      "daysForFabrication": 4,
      "daysForDelivery": 5,
      "daysForInstall": null,
      "availableDatesDEBUGONLY": [
        "2024-01-14T07:00:00.000Z",
        "2024-02-03T07:00:00.000Z"
      ],
      "availStartDEBUGONLY": "2024-01-14T07:00:00.000Z",
      "availEndDEBUGONLY": "2024-02-03T07:00:00.000Z",
      "sumIDDEBUGONLY": 33,
      "projectIDDEBUGONLY": "P-7pw5"
    },
    {
      "id": "P-7pw5-WP03-B003",
      "workPackage": "P-7pw5-WP03",
      "isEstimate": true,
      "estimateAccuracy": 2,
      "submittedBy": "893ca2a0-24d7-439a-90a4-17838de86465",
      "isSupply": true,
      "isInstall": false,
      "supplyPriceSIMPLIFIED": 187303,
      "installPriceSIMPLIFIED": null,
      "daysForFabrication": 8,
      "daysForDelivery": 3,
      "daysForInstall": null,
      "availableDatesDEBUGONLY": [
        "2024-01-13T07:00:00.000Z",
        "2024-02-01T07:00:00.000Z"
      ],
      "availStartDEBUGONLY": "2024-01-13T07:00:00.000Z",
      "availEndDEBUGONLY": "2024-02-01T07:00:00.000Z",
      "sumIDDEBUGONLY": 34,
      "projectIDDEBUGONLY": "P-7pw5"
    },
    {
      "id": "P-7pw5-WP03-B004",
      "workPackage": "P-7pw5-WP03",
      "isEstimate": true,
      "estimateAccuracy": 4,
      "submittedBy": "fc5ec494-258d-451b-bda9-2d4f57bd659a",
      "isSupply": true,
      "isInstall": false,
      "supplyPriceSIMPLIFIED": 243463,
      "installPriceSIMPLIFIED": null,
      "daysForFabrication": 8,
      "daysForDelivery": 4,
      "daysForInstall": null,
      "availableDatesDEBUGONLY": [
        "2024-01-13T07:00:00.000Z",
        "2024-02-01T07:00:00.000Z"
      ],
      "availStartDEBUGONLY": "2024-01-13T07:00:00.000Z",
      "availEndDEBUGONLY": "2024-02-01T07:00:00.000Z",
      "sumIDDEBUGONLY": 35,
      "projectIDDEBUGONLY": "P-7pw5"
    },
    {
      "id": "P-7pw5-WP03-B005",
      "workPackage": "P-7pw5-WP03",
      "isEstimate": true,
      "estimateAccuracy": 1,
      "submittedBy": "2915dc48-1595-4dce-837b-d713ef384d16",
      "isSupply": true,
      "isInstall": false,
      "supplyPriceSIMPLIFIED": 133520,
      "installPriceSIMPLIFIED": null,
      "daysForFabrication": 4,
      "daysForDelivery": 6,
      "daysForInstall": null,
      "availableDatesDEBUGONLY": [
        "2024-01-14T07:00:00.000Z",
        "2024-02-01T07:00:00.000Z"
      ],
      "availStartDEBUGONLY": "2024-01-14T07:00:00.000Z",
      "availEndDEBUGONLY": "2024-02-01T07:00:00.000Z",
      "sumIDDEBUGONLY": 36,
      "projectIDDEBUGONLY": "P-7pw5"
    },
    {
      "id": "P-7pw5-WP03-B006",
      "workPackage": "P-7pw5-WP03",
      "isEstimate": false,
      "estimateAccuracy": 2,
      "submittedBy": "db613d7d-0dee-4ab1-859a-e6c5b054cda8",
      "isSupply": false,
      "isInstall": true,
      "supplyPriceSIMPLIFIED": null,
      "installPriceSIMPLIFIED": 215802,
      "daysForFabrication": null,
      "daysForDelivery": null,
      "daysForInstall": 8,
      "availableDatesDEBUGONLY": [
        "2024-01-25T07:00:00.000Z",
        "2024-02-10T07:00:00.000Z"
      ],
      "availStartDEBUGONLY": "2024-01-25T07:00:00.000Z",
      "availEndDEBUGONLY": "2024-02-10T07:00:00.000Z",
      "sumIDDEBUGONLY": 37,
      "projectIDDEBUGONLY": "P-7pw5"
    },
    {
      "id": "P-7pw5-WP03-B007",
      "workPackage": "P-7pw5-WP03",
      "isEstimate": false,
      "estimateAccuracy": 1,
      "submittedBy": "f0361eeb-acfe-4bbb-ab88-16169c78d6ac",
      "isSupply": false,
      "isInstall": true,
      "supplyPriceSIMPLIFIED": null,
      "installPriceSIMPLIFIED": 70000,
      "daysForFabrication": null,
      "daysForDelivery": null,
      "daysForInstall": 12,
      "availableDatesDEBUGONLY": [
        "2024-01-26T07:00:00.000Z",
        "2024-02-14T07:00:00.000Z"
      ],
      "availStartDEBUGONLY": "2024-01-26T07:00:00.000Z",
      "availEndDEBUGONLY": "2024-02-14T07:00:00.000Z",
      "sumIDDEBUGONLY": 38,
      "projectIDDEBUGONLY": "P-7pw5"
    },
    {
      "id": "P-7pw5-WP03-B008",
      "workPackage": "P-7pw5-WP03",
      "isEstimate": true,
      "estimateAccuracy": 1,
      "submittedBy": "a28c6d33-babc-4f90-a6b6-0e75e46b93bd",
      "isSupply": false,
      "isInstall": true,
      "supplyPriceSIMPLIFIED": null,
      "installPriceSIMPLIFIED": 248655,
      "daysForFabrication": null,
      "daysForDelivery": null,
      "daysForInstall": 12,
      "availableDatesDEBUGONLY": [
        "2024-01-26T07:00:00.000Z",
        "2024-02-15T07:00:00.000Z"
      ],
      "availStartDEBUGONLY": "2024-01-26T07:00:00.000Z",
      "availEndDEBUGONLY": "2024-02-15T07:00:00.000Z",
      "sumIDDEBUGONLY": 39,
      "projectIDDEBUGONLY": "P-7pw5"
    },
    {
      "id": "P-7pw5-WP03-B009",
      "workPackage": "P-7pw5-WP03",
      "isEstimate": false,
      "estimateAccuracy": 1,
      "submittedBy": "bee20331-09b3-4da5-b760-a127cb47f430",
      "isSupply": false,
      "isInstall": true,
      "supplyPriceSIMPLIFIED": null,
      "installPriceSIMPLIFIED": 185272,
      "daysForFabrication": null,
      "daysForDelivery": null,
      "daysForInstall": 4,
      "availableDatesDEBUGONLY": [
        "2024-01-24T07:00:00.000Z",
        "2024-02-06T07:00:00.000Z"
      ],
      "availStartDEBUGONLY": "2024-01-24T07:00:00.000Z",
      "availEndDEBUGONLY": "2024-02-06T07:00:00.000Z",
      "sumIDDEBUGONLY": 40,
      "projectIDDEBUGONLY": "P-7pw5"
    }
  ]
]