{
  "id": "P-7pw5",
  "timeCreated": "Mon Feb 05 2024 19:32:07 GMT-0700 (Mountain Standard Time)",
  "listofWP": [
    "P-7pw5-WP00",
    "P-7pw5-WP01",
    "P-7pw5-WP02",
    "P-7pw5-WP03"
  ],
  "zz01numOfWP": 4,
  "zz02numOfBidsPerWP": 10,
  "zz03supplyPriceMin": 15000,
  "zz04supplyPrinceMax": 250000,
  "zz05installPriceMin": 15000,
  "zz06installPriceMax": 250000,
  "zz07AdaysForDeliveryMin": 2,
  "zz07BdaysForDeliveryMax": 8,
  "zz08AdaysForFabricationMin": 2,
  "zz08BdaysForFabricationMax": 10,
  "zz09daysForInstallMin": 3,
  "zz10daysForInstallMax": 15,
  "zz11doubleBidChance": 0.1,
  "zz12availDatesLeewayMin": 3,
  "zz13availDatesLeewayMax": 7,
  "zz16numberOfCWP1WPs": 2,
  "zz17numberOfCWP2WPs": 2,
  "zz18numberOfCWP3WPs": 0,
  "zz19cwp1InstallDays": 20,
  "zz20cwp2InstallDays": 19,
  "zz21cwp1Day": "2024-01-01T07:00:00.000Z",
  "zz22cwp2Day": "2024-01-21T07:00:00.000Z",
  "zz23cwp3Day": "2024-02-09T07:00:00.000Z"
}